"id","name","number","email",
"1","Mr. Stuart Schmitt IV","728.098.1496","o'keefe.oral@example.com",
"2","Bret Boyer","(219)273-5928x3","kerluke.nannie@example.org",
"3","Yvette Reilly","820-086-7368x65","gerlach.madalyn@example.com",
"4","Zula Hansen Sr.","1-121-537-1263x","gerard.considine@example.org",
"5","Chad Friesen","171.987.6840","maggio.lois@example.org",
"6","Ms. Rubie Crona","(527)647-5401x8","jlowe@example.org",
"7","Mr. Makenna Metz","(290)609-1012x9","kgoldner@example.org",
"8","Aliza Nader","1-865-137-7428","alowe@example.net",
"9","Ariane Price","030-310-0873","turner30@example.org",
"10","Brendon Ledner","656-938-6549","enid.hoppe@example.net",
"11","Nakia Predovic","(163)937-8029x9","judge.quigley@example.com",
"12","Miss Kari Runte DDS","(252)708-1204","cierra32@example.net",
"13","Dr. Ova Gleason MD","1-857-000-1368x","lennie48@example.net",
"14","Bryon McCullough III","465.817.3524","julian64@example.net",
"15","Dane Koelpin","+94(4)645640173","creinger@example.com",
"16","Miss Dariana D'Amore","+97(6)037132547","rosemarie.conroy@example.net",
"17","Gregg Bergnaum","05199169690","lindgren.shayne@example.com",
"18","Eduardo Gusikowski","204-023-4903x39","lexi12@example.net",
"19","Garnett Schowalter","(806)769-6214","tsauer@example.org",
"20","Jamir Kihn","710-747-3289x31","katherine35@example.org",
"21","Katarina Zieme","(120)576-0494","dicki.liza@example.com",
"22","Abigayle Kuphal","211.262.1060x14","jgulgowski@example.com",
"23","Elda Hoeger","630.878.4848x85","price.madisyn@example.org",
"24","Miss Zaria Abbott Sr.","875-502-9010x08","jena.konopelski@example.net",
"25","Malvina Walsh Sr.","1-386-287-9826","giovanny.casper@example.net",
"26","Prof. Reed Casper DDS","(799)224-0685","naomie98@example.net",
"27","Daren Mayert","1-395-819-7970","cfisher@example.org",
"28","Shemar Dibbert","+11(4)993914912","ewald.rice@example.com",
"29","Mr. Horace Funk DVM","(687)895-6542","fschaefer@example.com",
"30","Tierra Powlowski","1-991-204-3484x","dziemann@example.com",
"31","Betsy Thompson","509-306-7401","khirthe@example.org",
"32","Gregorio Gulgowski","+63(4)077514416","mjakubowski@example.net",
"33","Johnnie Stiedemann","(257)488-9992","zmarks@example.org",
"34","Benedict Gaylord","358.405.7655x79","blake.haley@example.com",
"35","Myrtle Hermann","314.345.8330x46","jakubowski.alexandrine@example.org",
"36","Lorna Olson","(341)001-2733x1","tmurazik@example.net",
"37","Jazlyn Becker","1-341-383-5920","kohler.janis@example.com",
"38","Sidney Jacobi","09458927370","schimmel.bettie@example.net",
"39","Abbey Johnston","666-958-8526x35","runolfsdottir.mazie@example.org",
"40","Mrs. Autumn Weissnat","+64(9)862916821","dante.dicki@example.net",
"41","Austen Fahey","+09(7)724740888","kamron.jerde@example.org",
"42","Guy Hessel","(433)345-3258x9","moises25@example.org",
"43","Prof. Joel Weissnat V","261.956.5295x21","armando79@example.com",
"44","Brandy Howe","351.685.5798","harvey25@example.org",
"45","Miss Giovanna Kessler","556.735.0855","jodie53@example.org",
"46","Anais Goyette","139.988.1043","coby.moen@example.com",
"47","Norval Barton","(309)160-5501x8","clockman@example.org",
"48","Mohammad Grant","(395)659-5299x2","alexie.volkman@example.com",
"49","Matilde Walter","654.747.5352","sauer.miles@example.com",
"50","Mr. William Sawayn V","(162)767-0644x7","mikayla.witting@example.net",
"51","Elna Bradtke","05047512371","ned15@example.org",
"52","Arturo Mayert","(038)017-7647","ecasper@example.com",
"53","Kevin Ledner","06264110852","braulio.stroman@example.org",
"54","Brando Kohler MD","(835)217-6531","felicita.franecki@example.com",
"55","Shaylee Bergnaum IV","+21(6)387360563","esenger@example.org",
"56","Dr. Dell Runolfsdottir III","691.483.3443","myrtle18@example.net",
"57","Warren Auer IV","775.656.0988","schulist.cecile@example.org",
"58","Nova Kunze III","1-813-905-6508","jones.kale@example.net",
"59","Malvina Grant","09278128297","mason45@example.org",
"60","Gabrielle Parker","06226149285","nweissnat@example.com",
"61","Celia Hand","181-368-9590x87","rosenbaum.charles@example.net",
"62","Riley Lubowitz","+02(1)739798956","haley.norene@example.com",
"63","Ottilie Murphy DDS","587-556-6891x68","alvis20@example.com",
"64","Astrid Langosh","1-742-285-2202x","franco.pfannerstill@example.net",
"65","Titus Friesen","642.068.9208","rstark@example.com",
"66","Kasandra Herman","(459)644-0792","winona.dibbert@example.com",
"67","Efrain Spinka","(914)361-8509x3","aida.nader@example.com",
"68","Stephan VonRueden","062-902-5317x39","armand46@example.org",
"69","Marielle Howell","091-582-5592x09","sean.doyle@example.com",
"70","Dr. Cleta Aufderhar","(982)188-0119","stokes.angelo@example.com",
"71","Angelica Jerde","1-816-110-5203","dubuque.marlene@example.com",
"72","Prof. Stephan Stracke Jr.","(656)071-6336","cschowalter@example.com",
"73","Mrs. Emmalee Yost IV","1-664-719-3641x","galtenwerth@example.com",
"74","Maxine Cummings","1-710-367-5788x","fausto.wiegand@example.org",
"75","Prof. Shanelle Carter II","333-573-1192","krussel@example.com",
"76","Dr. Nico Powlowski","1-185-840-4194","qwaelchi@example.org",
"77","Cleve Nienow DDS","(196)972-1015","reynolds.friedrich@example.org",
"78","Reina Pouros IV","(589)292-1150x2","filomena.mclaughlin@example.com",
"79","Ms. Ruby Bosco PhD","(676)727-9075x4","zulauf.noel@example.com",
"80","Mr. Beau Franecki DDS","702.986.6009x23","fweber@example.org",
"81","Fidel Gislason","03634010486","keeling.dusty@example.net",
"82","Cullen O'Reilly","1-327-894-6141","trystan.hartmann@example.com",
"83","Emilie Hermann","1-010-242-7463","tommie83@example.org",
"84","Zena Leuschke Sr.","331-430-3948","eulalia.wuckert@example.com",
"85","Helmer Reichel","851.146.3941x43","vbarton@example.net",
"86","Dave Jacobs","266-429-4579","gjaskolski@example.org",
"87","Miss Annetta Goldner II","(516)838-9430","olueilwitz@example.com",
"88","Rita Nolan","1-169-301-3184x","zula.heidenreich@example.com",
"89","Finn Prohaska","348.964.9938x91","ryan.neha@example.com",
"90","Ms. Brianne Smith","+10(9)435859874","hartmann.dewitt@example.net",
"91","Griffin Kautzer","945.260.7373x20","geovanny01@example.org",
"92","Mustafa Hirthe","220-270-7839x45","frank65@example.com",
"93","Prof. Demarco Ebert","231-102-4486x33","monahan.ian@example.com",
"94","Mr. Ignacio Kris","(919)445-1518","clara33@example.net",
"95","Johnny Mraz I","499-584-3485","sweber@example.com",
"96","Wilber Conn","663.758.2836x33","darby36@example.org",
"97","Gillian Corwin","1-977-965-2139x","glover.marc@example.net",
"98","Prof. Adonis Torphy I","783.912.9627","bruce.gottlieb@example.org",
"99","Laverna Heller","614.758.5271","gschmitt@example.com",
"100","Otto Rowe","(717)310-7122x4","olynch@example.org",
"101","Dr. Skylar Hilll DVM","1-184-664-0933x","herzog.laurie@example.org",
"102","Emilie Bayer V","566.257.3603","monique.block@example.net",
"103","Dr. Sigurd Moen II","735.377.4635x40","kohler.bud@example.com",
"104","Prof. Jerel Weimann","1-228-429-8792x","rosenbaum.edyth@example.com",
"105","Mr. Rafael Weimann MD","04114756609","wehner.marcella@example.org",
"106","Wellington Wolf","585.276.2467","carmella85@example.org",
"107","Cecilia Gutkowski DDS","953.420.3589","melyssa18@example.net",
"108","Quinton Ferry","1-194-896-8210","konopelski.kenyon@example.net",
"109","Evan Borer","(725)706-6102x0","brekke.tania@example.org",
"110","Stephen Quigley","941-587-9808x11","chasity99@example.net",
"111","Ena Schiller Jr.","014-370-6880x46","kianna.lebsack@example.net",
"112","Lenny Bednar","339.995.6945x19","emmy92@example.org",
"113","Sallie Graham","274-900-9985x21","helene08@example.com",
"114","Mr. Timmy Gerhold","(897)445-8716","keebler.lexi@example.org",
"115","Marilyne Hermann","(102)447-4325x4","rwintheiser@example.com",
"116","Rozella Walsh","(799)525-2488x6","don29@example.com",
"117","Davin Ankunding Sr.","231-871-1338","feest.franz@example.net",
"118","Jonathon Champlin","+67(6)975168769","boehm.caitlyn@example.org",
"119","Bettye Lehner","494.383.4697","lprohaska@example.net",
"120","Lafayette Collier IV","(489)303-9170x2","michel.smith@example.com",
"121","Cyril Luettgen","867.366.3684","west.ayla@example.org",
"122","Prof. Whitney Runte","803-780-5628x50","serenity.balistreri@example.org",
"123","Mr. Ulices Schaefer","+09(6)541422217","bwalsh@example.com",
"124","Erick Gottlieb","(004)649-2097","jude.bradtke@example.org",
"125","Dr. Dina Bashirian PhD","710-080-4331x04","gorczany.chance@example.net",
"126","Raymundo Hagenes","660-491-6159","guiseppe.lynch@example.com",
"127","Johnny Dach","267-222-7007x98","dwyman@example.com",
"128","Lambert Johns","872.764.0108","eulah.emard@example.com",
"129","Jordane Cormier","+83(2)725795361","ezieme@example.net",
"130","Maxime Goldner","933.344.6518x59","dagmar80@example.org",
"131","Mrs. Abigayle Lang","332.534.6031","fatima09@example.net",
"132","Alivia Sauer","(122)383-3773x8","herzog.alta@example.org",
"133","Retta Feil","(200)807-8208","aleen43@example.com",
"134","Dr. Cielo Thiel II","(868)334-2874x4","bnicolas@example.net",
"135","Electa Keeling","498-269-5709","khalid.rowe@example.com",
"136","Mrs. Chanel Borer DDS","036-652-1565","jon82@example.com",
"137","Ressie Fisher","385.571.3497x64","boyer.boris@example.org",
"138","Kareem Wilkinson","659-591-2494","carole.veum@example.org",
"139","Magnus Purdy","689.819.4127x75","bradly16@example.org",
"140","Rolando Leffler II","618-597-3162x90","mittie13@example.net",
"141","Gracie Balistreri","(664)233-0500x7","emily23@example.com",
"142","Prof. Godfrey Upton V","607.818.0982x19","torphy.jay@example.com",
"143","Minerva Huels","1-763-088-7396x","yost.emely@example.org",
"144","Reuben Stiedemann","694-154-3274x63","jillian80@example.com",
"145","Dr. Donnie Roob","504.875.9329x33","fern.bernier@example.net",
"146","Gunnar Kemmer II","890-458-0359x44","kayley.yost@example.org",
"147","Clotilde Thompson","440-583-2992x87","bradley36@example.net",
"148","Miss Vicenta McGlynn II","1-904-296-5217x","sauer.vance@example.org",
"149","Bart Mayert PhD","269-251-2683","zhaag@example.org",
"150","Marcel Koch","+03(4)633554805","larkin.isabelle@example.com",
"151","Prof. Bernice Crooks","441.369.4813","alize67@example.com",
"152","Wilfrid Mayert","(651)628-8158x7","theresa62@example.net",
"153","Rylan Stroman","461-996-3162x22","schmeler.loy@example.org",
"154","Brook Dibbert Sr.","+59(7)630111960","vonrueden.julianne@example.org",
"155","Prof. Don Okuneva DVM","033.968.0265x50","kautzer.waino@example.com",
"156","Mr. Dominic Kemmer","02430227789","irma.kub@example.com",
"157","Rylan Hauck MD","1-220-314-1309x","boehm.clark@example.net",
"158","Jonas McCullough","(189)889-3889x4","lemke.alexandria@example.net",
"159","Sandy Lebsack I","1-351-985-2015x","aiden.corkery@example.org",
"160","Mr. Walter Jones","027-921-2338","krutherford@example.net",
"161","Melody Maggio","1-736-375-1964","runte.moriah@example.net",
"162","Millie Deckow","(153)924-3672x4","lamar.mcdermott@example.net",
"163","Scotty Dibbert","08024983414","hryan@example.org",
"164","Marc Wunsch","1-108-889-6345","parker.hartmann@example.net",
"165","Samson Nicolas","377.833.3158","natalie.prosacco@example.net",
"166","Abdul Bogan","1-699-179-5463x","mayert.robbie@example.net",
"167","Emilie Koch Sr.","217-401-7123x36","annabelle17@example.org",
"168","Jermey Beer","770-436-2585","will.nathanial@example.com",
"169","Kobe Bogisich","1-419-112-9462","ghills@example.com",
"170","Vada Monahan","286-269-6359","kolby86@example.org",
"171","Macy Hudson II","075-448-0412","justine91@example.net",
"172","Dr. Alessandro Strosin","(494)145-2108x5","sanford.malvina@example.com",
"173","Hattie Yost","463.676.5714x13","runolfsson.elinor@example.com",
"174","Prof. Julius Langosh","332-161-3478","paula.gutkowski@example.com",
"175","Eulalia Konopelski","(279)975-4838x3","tanderson@example.org",
"176","Dimitri Bernier IV","287.825.2823x13","quitzon.ivory@example.org",
"177","Bobby Torp II","(025)180-2683x5","ogoyette@example.org",
"178","Jana Lubowitz MD","370-847-6723x35","wilkinson.otto@example.org",
"179","Dora Raynor","066.454.0189x11","qkohler@example.net",
"180","Brayan Altenwerth","064-883-0830x78","hazle.schumm@example.net",
"181","Orie Klocko","881.816.1674","juwan.stehr@example.com",
"182","Ms. Jermaine Ryan IV","245-061-1763x32","xjacobson@example.net",
"183","Lorine Parker","1-705-158-6643x","rleffler@example.net",
"184","Leola Klocko","772-882-6293x13","allison73@example.org",
"185","Coy Schumm","445-865-0457","wilkinson.gunner@example.net",
"186","Petra Kuvalis V","+32(3)670098188","geraldine.kshlerin@example.com",
"187","Sabrina Wehner","249-808-0849x66","abigail.bauch@example.com",
"188","Dr. Consuelo Davis V","791.664.2252x97","uspencer@example.com",
"189","Lea Thiel","140-127-0755x33","burley20@example.net",
"190","Amelie Kling","123.172.5685","zcremin@example.net",
"191","Prof. Jovany Torp MD","(829)460-2490x2","josianne.watsica@example.com",
"192","Ulices Gusikowski","+17(5)432146260","umcglynn@example.com",
"193","Marty Cummings","493.292.8128x08","dzieme@example.net",
"194","Miss Stacey Hackett","390-382-6263x02","beer.thora@example.com",
"195","Vance O'Hara","(878)378-8139","wolff.yasmeen@example.com",
"196","Mrs. Alysson Kassulke","911-339-8966","amalia78@example.org",
"197","Ms. Annalise Kiehn II","03658209430","geoffrey45@example.org",
"198","Margaret Hartmann V","03040919474","kian.corkery@example.net",
"199","Prof. Sydnee Waters V","06879073860","goldner.eddie@example.net",
"200","Adolf Parisian IV","+63(1)024640871","gleichner.linda@example.net",
"201","Curtis Schultz","(812)039-2233x8","duane57@example.com",
"202","Allan Bruen","293.071.8326","zblanda@example.net",
"203","Priscilla Mosciski","1-475-554-0829","morar.axel@example.com",
"204","Carissa Jast","(597)935-4549x3","royce.jenkins@example.com",
"205","Art Funk","143-075-3347","bdenesik@example.com",
"206","Roman Legros","(979)465-8337","tgrady@example.com",
"207","Prof. Ashlee Crooks","09919134753","kali.pollich@example.org",
"208","Ms. Antonia Stokes MD","(205)719-0468","carter.williamson@example.com",
"209","Danial Carter","+59(9)082492630","kasandra19@example.net",
"210","Ottilie Gerlach","108-602-3014","tcruickshank@example.org",
"211","Prof. Alexys Spencer Jr.","09086779970","macejkovic.kiarra@example.com",
"212","Natalie Oberbrunner","563.893.4807x05","mosciski.nicklaus@example.net",
"213","Mr. Ignatius Kuhn IV","(111)190-2739x6","carey.schulist@example.org",
"214","Adrienne Mante","532-897-0177x16","lcassin@example.net",
"215","Mr. Miguel Erdman","946.665.1934x02","myriam42@example.com",
"216","Fausto Fisher","629-967-5532x07","ole45@example.org",
"217","Jared Cummerata","(158)534-0723x4","emelie51@example.net",
"218","Tillman Hoppe","06245281347","christine35@example.net",
"219","Emmett Bernhard","082.018.4104x25","walker.laurine@example.org",
"220","Grover Conn","+06(1)561444979","itzel.johnston@example.net",
"221","Miss Electa Heaney","1-160-365-8412x","elaina43@example.net",
"222","Miss Verna Watsica MD","253.451.5417","arvilla75@example.net",
"223","Caden Howe III","1-205-308-1201","barton.hackett@example.net",
"224","Mrs. Gloria Flatley","405-888-2389","feeney.alf@example.org",
"225","Jaron Gaylord","091-602-3331x37","kristy.kozey@example.net",
"226","Freeda Hessel DDS","1-468-804-7865x","uwisoky@example.org",
"227","Saul Nienow","+22(1)284702796","ptremblay@example.com",
"228","Prof. Seth McGlynn","1-901-825-5302","zjacobi@example.com",
"229","Dr. Oscar Volkman","1-813-478-8820x","casper.lavina@example.com",
"230","Humberto Schowalter","671.355.3572","bvon@example.com",
"231","Mrs. Violette Herzog I","697.240.6306","okuneva.ron@example.net",
"232","Dahlia Douglas","303-237-7661x35","torrey01@example.org",
"233","Linnea Stark","158-187-6350x36","samara.bins@example.net",
"234","Dr. Garrison Hoeger V","162.666.7213","zwiegand@example.org",
"235","Kristofer Upton V","218-708-3228x81","giovanna33@example.com",
"236","Ayana Yundt","(167)852-9022x2","johnson.lisandro@example.org",
"237","Dr. Delpha Gaylord PhD","08814397596","madge79@example.org",
"238","Miss Zoey Sipes","1-399-805-1593x","alexandra33@example.org",
"239","Florence Emmerich","683-298-9190x84","will08@example.net",
"240","Dr. Jennings Gorczany III","1-716-378-2415","vesta.abbott@example.net",
"241","Ansley Ferry","079-447-0653x42","ashields@example.net",
"242","Crystel Crona Jr.","1-506-928-6034x","ivah.mclaughlin@example.com",
"243","Evert Leuschke","+11(9)119101145","goyette.delpha@example.com",
"244","Demetris Spinka","1-230-529-6260x","loren14@example.net",
"245","Mr. Brad Okuneva II","302-775-8263","blittel@example.net",
"246","Garrison Bogan","423-163-7448x14","yundt.hannah@example.org",
"247","Maeve Hirthe","804.643.7105","runolfsson.marlen@example.com",
"248","Erna Fay","(964)190-5183","ldicki@example.com",
"249","Miss Ashley Schumm III","322.166.3492","harvey.osinski@example.com",
"250","Georgianna Hilll","573-486-5248x93","katharina.keebler@example.net",
"251","Bettie Leannon IV","06550393376","dickens.alexis@example.net",
"252","Gerson Kilback","540.942.6379x27","mreynolds@example.com",
"253","Consuelo Mann","1-238-936-4967x","annetta.ward@example.net",
"254","Bryon Moore","1-462-874-5388x","gerald.schuster@example.org",
"255","Dixie Carter","887.689.9367","adaline41@example.net",
"256","Breanne Kuhic","200.278.3478x32","zklein@example.net",
"257","Darius Shields","154.728.6243","stehr.anna@example.net",
"258","Ernesto Fritsch","941-285-4775","elliott.armstrong@example.org",
"259","Edgar Larkin","1-596-139-7315","kelly96@example.com",
"260","Hobart Lebsack IV","484-387-2902x48","ahahn@example.net",
"261","Verner Ledner Sr.","722-022-7050x35","wiza.kadin@example.net",
"262","Mr. Norwood Hauck DDS","(896)082-2835","rcollins@example.org",
"263","Damaris Mante","1-386-244-2883","bednar.ona@example.net",
"264","Rosina Von","03010466023","runolfsson.lydia@example.com",
"265","Branson Langworth","1-236-348-3692","margie.wiza@example.org",
"266","Prof. Cierra Ernser IV","851.136.1057x50","wuckert.theresa@example.net",
"267","Prof. Nayeli Wolff","(514)079-6655x5","gleichner.johnathan@example.org",
"268","Garfield Schamberger","+52(7)451537550","yhirthe@example.net",
"269","Miss Vincenza Hermiston V","020.065.2097x29","lorena.kuhic@example.net",
"270","Adolf Stanton V","(406)936-3775x9","carolyn.langosh@example.com",
"271","Aaron Prosacco I","1-516-220-3742x","jermain67@example.net",
"272","Frank Davis","04941195411","qshields@example.org",
"273","Casimer Crist","(828)415-4865x0","moore.angus@example.net",
"274","Dr. Isabell Russel DVM","820.676.0235x14","kris55@example.com",
"275","Mr. Irving Oberbrunner IV","+99(1)578493811","wolff.tyrique@example.com",
"276","Zoila Walter","(290)160-8818","johns.ofelia@example.net",
"277","Gilda Ankunding","1-285-514-9983x","batz.eda@example.com",
"278","Rozella Pollich","054-631-7793","daniel.hassie@example.org",
"279","Ray Williamson","09047984963","greta.fritsch@example.com",
"280","Adam Hirthe PhD","(937)705-5289x9","destany.crist@example.net",
"281","Junius Bayer","158-442-7454","danny26@example.com",
"282","Cheyenne Cormier Jr.","281-352-2378x45","cmayer@example.com",
"283","Prof. Ward McGlynn Jr.","1-758-532-4281x","kertzmann.domingo@example.net",
"284","Edgardo Jerde III","1-182-511-6533x","marlene23@example.com",
"285","Leanna O'Conner","(520)358-8425","pweimann@example.net",
"286","Arnulfo Rohan","357-696-9747x05","etillman@example.com",
"287","Christop Okuneva","957.311.4407","teresa23@example.net",
"288","Walter Denesik","405-784-7420x19","jturner@example.net",
"289","Malcolm Witting","200.212.9542x18","bednar.tiffany@example.org",
"290","Euna Hammes","(568)312-1268","shaina48@example.com",
"291","Miss Naomie Weissnat","601.583.9428","addie98@example.net",
"292","Louie Feil","1-693-160-1945x","hirthe.margret@example.net",
"293","Mr. Jerrold Koelpin III","1-603-991-5870x","moises.trantow@example.com",
"294","Lilyan Homenick","1-976-019-2746","shayne.heidenreich@example.net",
"295","Dr. Dora Lind MD","+22(4)842281499","zherzog@example.net",
"296","Sister Cummerata DDS","02340676099","gerlach.payton@example.net",
"297","Dr. Matilde Nader PhD","+38(5)248860831","zkeebler@example.net",
"298","Houston Murphy","163-472-3406x30","josh.cassin@example.net",
"299","Prof. Clifford Stark I","690.222.5135x00","jackie.olson@example.org",
"300","Nakia Marquardt III","765-765-9003","sdare@example.net",
"301","Mr. Jordy Baumbach Sr.","654.084.5687x41","whansen@example.org",
"302","Prof. Lamont Runolfsdottir","302.948.1044x32","medhurst.bruce@example.net",
"303","Miss Ciara Armstrong","1-857-844-7773x","stokes.moriah@example.com",
"304","Mrs. Marguerite Boehm","518-810-7909","alia.green@example.org",
"305","Lewis Bayer","550.363.5525x73","vdicki@example.com",
"306","Eino Strosin","1-949-322-8893","kherzog@example.org",
"307","Rodolfo Reichert","187-485-0717","rowena.kling@example.net",
"308","Alberto Labadie","+23(2)521156669","taryn00@example.net",
"309","Vivien Hamill","744.490.8110x67","catharine.gerlach@example.org",
"310","Carolanne Shanahan","016-335-2204","pzemlak@example.org",
"311","Linnie Mohr DVM","152-895-3458x98","skiles.alessia@example.net",
"312","Miss Ashlee Lakin","(568)051-2414x8","madelyn95@example.org",
"313","Camilla Yundt","1-082-353-8820","reichert.domingo@example.com",
"314","Dr. Julia Stamm DVM","(199)726-2648x2","jennyfer.littel@example.com",
"315","Brittany Cummings Sr.","+45(3)006411028","demarcus.volkman@example.org",
"316","Prof. Esther Schmidt PhD","318.692.8558","lfranecki@example.net",
"317","Emma Kuhic","419.470.0539","desmond.lakin@example.net",
"318","Dr. Leonie Carter","(317)209-9049x6","miller.dickens@example.com",
"319","Rasheed Erdman Sr.","(603)854-7509","dare.gerald@example.org",
"320","Susie Harvey MD","925-532-8305x49","botsford.brandon@example.org",
"321","Prof. Jamar Franecki","223.933.5095","destinee.cummerata@example.org",
"322","Carlotta Lehner","1-823-182-8743x","schultz.carlee@example.com",
"323","Lee Larson","939.739.4510","citlalli.macejkovic@example.org",
"324","Ms. Ruby Buckridge","090.973.7235x56","hwillms@example.net",
"325","Miss Delores Nienow","(392)638-6362x2","oyundt@example.org",
"326","Prof. Anibal Cole","670.873.6216x12","ckohler@example.com",
"327","Cyril Farrell V","913-292-1122x25","nash.ziemann@example.net",
"328","Scotty Bernier","(207)667-1437x2","blick.loma@example.com",
"329","Lavinia Russel IV","1-192-189-8885","miles76@example.org",
"330","Prof. Tate Weissnat I","(958)896-6634x2","deckow.august@example.org",
"331","Prof. Jerry Upton","007-973-2755x77","lesley.renner@example.org",
"332","Thora Kshlerin","221-915-1018","kamren59@example.com",
"333","Ahmed Treutel","1-184-822-8384x","powlowski.linnea@example.net",
"334","Ms. Ottilie Metz Sr.","685-494-8344","hessel.bette@example.net",
"335","Kyla Smith","(388)814-7767x9","willow.runolfsdottir@example.net",
"336","Coy Purdy","(955)728-1412x0","ray37@example.org",
"337","Mr. Lawrence Littel DVM","1-749-873-4672","gkovacek@example.org",
"338","Michele Powlowski","(777)934-7610","elinor43@example.org",
"339","Luis Dicki","363-312-4319","kris.margarett@example.net",
"340","Prof. Alyson Hintz PhD","440-653-7990","fay.lesley@example.org",
"341","Sydni Wehner II","1-183-372-5452x","rick.hackett@example.net",
"342","Karli Blanda Sr.","422.315.7002x08","america.marvin@example.com",
"343","Kelton Reinger","1-155-334-8287x","jerrold47@example.org",
"344","Andreanne Gorczany","848-652-4251x09","gerlach.hubert@example.org",
"345","Ruben Langosh","616-297-2828x57","valentine44@example.org",
"346","Miss Allene Davis DDS","1-202-231-9828","marilou81@example.net",
"347","Laila Volkman","1-951-076-5821","maia58@example.org",
"348","Fabian Lindgren","1-068-430-3608x","rico.osinski@example.net",
"349","Dr. Zoie Feil PhD","(324)210-6940x1","bartell.kirstin@example.com",
"350","Ms. Pauline Schumm","466.649.9383x04","connelly.dudley@example.net",
"351","Jonathon Labadie","609.727.3104","paolo70@example.net",
"352","Mr. Mac Cole DDS","1-070-743-6658x","edgar.heller@example.com",
"353","Ken Kris","09729595992","bschulist@example.net",
"354","Clyde Hauck","1-606-563-6583x","enos51@example.org",
"355","Carson Ratke","(535)526-4269x3","leonora.walsh@example.com",
"356","Selena Terry","695.992.7767x30","jimmy39@example.net",
"357","Prof. Wade Jerde IV","1-116-924-9202","georgiana.paucek@example.com",
"358","Alexa Rohan I","1-733-282-9880x","carolanne.braun@example.org",
"359","Astrid Schultz IV","(299)437-5372","ypollich@example.net",
"360","Dr. Dallas Crooks","(998)538-7551","franecki.mike@example.com",
"361","Monserrat Zemlak","06068255756","nichole62@example.org",
"362","Lura Hettinger","1-427-133-9731x","geo14@example.org",
"363","Amalia Schmidt","832-409-1528","macy.hagenes@example.org",
"364","Clementine Mayert","00602931597","pete.welch@example.net",
"365","Carrie Gleason","1-261-173-9300","maggio.braxton@example.org",
"366","Gus Stanton","1-269-436-9519x","ciara.hilpert@example.net",
"367","Estrella Mayert","066-791-1197x49","moriah.bogan@example.com",
"368","Retta Koelpin DVM","(436)595-7427","mdietrich@example.net",
"369","Madalyn Will","294.161.3964x74","garrett.weimann@example.net",
"370","Dr. Rollin Metz V","369-634-0011x52","langworth.sigmund@example.org",
"371","Dr. Dahlia Lindgren MD","626-492-8322x69","lemke.harry@example.net",
"372","Maverick Mayert","221-367-2325x18","stanley.murazik@example.com",
"373","Tracey Murphy","(431)134-1612x2","rebekah.mcglynn@example.com",
"374","Michaela Waelchi","+93(9)263537857","boyd36@example.com",
"375","Mac Williamson","236-357-4893","wgoodwin@example.com",
"376","Mable Gusikowski III","378-256-1648x97","hills.grayson@example.com",
"377","Miller Senger","1-620-141-2298x","aniyah62@example.com",
"378","Treva Dicki","968.828.5486x18","rharris@example.net",
"379","Ms. Makayla Dickens DDS","1-724-885-3352x","considine.juston@example.org",
"380","Kelsie Jaskolski IV","1-614-935-5228x","sawayn.diana@example.com",
"381","Miss Corrine Crooks","764.735.0749","alex.prosacco@example.org",
"382","Reanna Cummings I","698.397.8417","pkonopelski@example.org",
"383","Sibyl Jakubowski","09043168729","fritsch.jedediah@example.net",
"384","Prof. Ellie O'Kon","06698140163","lura24@example.net",
"385","Mr. Lazaro Kutch PhD","943-803-6563x31","sabrina92@example.com",
"386","Alec Senger","1-048-206-1582x","llewellyn.rice@example.org",
"387","Mr. Blaise Osinski","444-530-3898x48","mcglynn.alanna@example.org",
"388","Allie Wintheiser IV","031.972.1229x38","aweissnat@example.org",
"389","Connie Schumm","193.172.4170","frami.laury@example.com",
"390","Dr. Bret Weber","267-800-6387","rowena61@example.com",
"391","Miss Eulalia Gislason","06548386068","rodriguez.declan@example.com",
"392","Jaiden Funk","(469)788-4478x3","nya61@example.net",
"393","Marcelina Keeling","1-093-751-6384x","solon72@example.org",
"394","Dr. Serenity Douglas III","05976350092","carter.patience@example.net",
"395","Eusebio Grady V","(043)995-5687x0","elindgren@example.org",
"396","Prof. August Hayes II","221-171-5716x86","dlind@example.net",
"397","Eloisa Rosenbaum","08408207038","fschuppe@example.com",
"398","Jeanie Bergstrom III","(247)050-0971","vbailey@example.com",
"399","Dr. Hobart Streich MD","07511361668","milton.stark@example.net",
"400","Princess Okuneva","(214)413-9875x9","mdurgan@example.org",
"401","Ari Hand","1-363-828-8516x","fmayert@example.net",
"402","Dr. Myrtice Cronin I","015-792-0889x78","maverick.shields@example.org",
"403","Stephon Gottlieb","1-782-179-7604x","dietrich.jermey@example.org",
"404","Jakob Boehm","402.574.2561x15","mkuhic@example.net",
"405","Prof. Dora Vandervort","304.702.0145x97","mosciski.rubie@example.org",
"406","Simeon D'Amore","(982)200-4367x8","monahan.callie@example.net",
"407","Guadalupe Koelpin","837.039.3642","homenick.brayan@example.com",
"408","Dock Veum","317.048.6901x09","hirthe.lorna@example.org",
"409","Prof. Danial Krajcik V","673-186-3483","branson.parisian@example.net",
"410","Hyman Boyle","1-223-037-0598","kallie.kiehn@example.com",
"411","Bette Murazik V","375-696-1860x39","eva04@example.com",
"412","Freddie Heathcote","1-026-085-0969x","ruecker.casey@example.org",
"413","Estefania Nitzsche","(906)377-0594","moore.kristofer@example.org",
"414","Dr. Velma Lowe","05729661558","white.javier@example.org",
"415","Kennedy Kessler III","01340104261","josefina.witting@example.org",
"416","Shakira Casper","(863)919-9062x0","merle19@example.org",
"417","Dr. Liam Feil IV","909.316.7607x47","abigale41@example.net",
"418","Dr. Katelynn Berge","(285)536-7859x9","hfay@example.org",
"419","Prof. Ila Schumm","1-169-214-1934","miller.bernice@example.net",
"420","Imelda Schaefer","02364842148","murazik.rebeka@example.org",
"421","Anissa Schoen","+03(5)319249554","alice.senger@example.org",
"422","Prof. Robin Morissette","358.474.7214","valerie93@example.net",
"423","Prof. Jackeline Jakubowski IV","05840125237","aleffler@example.org",
"424","Santina Haley","1-031-516-7272","keith.schneider@example.net",
"425","Luther Lemke","880.586.7249x89","sjakubowski@example.com",
"426","Felicia Marks I","(866)815-4872","karine79@example.com",
"427","Prof. Bonnie Reichel II","(051)304-4071x4","freida.emard@example.net",
"428","Miss Ocie Russel IV","(017)746-4169x7","wdooley@example.org",
"429","Imogene Kuhlman","313.150.6066x23","christelle.stokes@example.com",
"430","Ms. Roma Rippin PhD","1-952-506-7150x","rath.adella@example.com",
"431","Miss Kristina Parker DDS","528.344.7216","rframi@example.net",
"432","Irving Abbott","275-663-9898","eondricka@example.com",
"433","Prof. Adalberto Cummerata V","08873281354","pfeil@example.com",
"434","Ms. Jackeline Larson DDS","286-839-4462","doyle.claude@example.org",
"435","Sallie Borer","130-513-3005x44","tcummings@example.com",
"436","Mr. Rocio Braun","(408)133-8626x8","stephon.fritsch@example.org",
"437","Rudy Huel","(489)175-1580x0","mosciski.julianne@example.net",
"438","Prof. Marlin Swaniawski","1-655-192-3676","niko51@example.com",
"439","Leila Jakubowski","407.168.9464","wiza.joanny@example.org",
"440","Manley Johnston","(764)419-7353x6","gibson.ari@example.net",
"441","Dr. Amie Johns","630.419.7126","zankunding@example.net",
"442","Dr. Mina Breitenberg V","241.001.9381x52","cassin.hortense@example.net",
"443","Dr. Bailey DuBuque","998.723.6921x59","violet88@example.net",
"444","Miss Monique Carter","905.008.6476x33","ylang@example.net",
"445","Elaina Bauch","954-415-3325","claire46@example.org",
"446","Alba Schuppe","025.034.4201","mayer.elwin@example.org",
"447","Tamia Bernhard","(873)950-9834x9","kub.jaunita@example.org",
"448","Prudence Blanda","1-491-139-9031x","hayes.quincy@example.com",
"449","August Harber","856.755.9129x26","dboyle@example.org",
"450","Miss Frieda Boyer","+15(8)285603232","ibeier@example.com",
"451","Callie O'Kon Sr.","09044426156","reginald29@example.com",
"452","Dayana Waters I","943-971-0963","maynard.lubowitz@example.com",
"453","Ofelia Larson","(135)559-0694x5","eula.hagenes@example.com",
"454","Thurman Lowe","376.177.0871x92","kenneth76@example.org",
"455","Danika Aufderhar PhD","197.007.1893","amie.kutch@example.com",
"456","Dr. Darrin Daugherty","485.689.1911x39","rgoyette@example.net",
"457","Destiney Kunze DDS","1-594-703-7980x","tiffany.hackett@example.com",
"458","Delphine Glover II","(737)221-5799x7","ylehner@example.org",
"459","Mrs. Martine Jakubowski","059.501.4156x03","raymond.davis@example.net",
"460","Dortha Ullrich","(752)510-5533x9","carroll.queenie@example.net",
"461","Quincy Hessel","416.929.9234x35","rparker@example.net",
"462","Miss Alessandra Conroy","(685)306-5374x5","loma.schimmel@example.com",
"463","Morris Stiedemann II","697.875.9806","cristopher30@example.com",
"464","Princess Davis","1-258-294-5814x","sschamberger@example.com",
"465","Joshuah Reynolds DVM","(780)616-8747x4","carlie71@example.net",
"466","Geovanny Sipes","744-284-7748","bernier.vance@example.net",
"467","Prof. Bradley Spencer","1-531-284-7913x","valentine62@example.org",
"468","Mrs. Jennie Cronin","1-291-135-0806","carol.collins@example.org",
"469","Simone Ziemann","336.266.5276","hane.carissa@example.org",
"470","Scot Senger","1-434-592-8443x","yazmin52@example.com",
"471","Walton Pouros","03386844987","heller.catharine@example.net",
"472","Keely Bahringer","09889562781","rex.emard@example.net",
"473","Berry Kunde","(319)342-3640x1","o'reilly.dexter@example.net",
"474","Irwin Littel","(527)733-2849","kunde.clifford@example.net",
"475","Thad Weimann","(195)925-8054x2","eloy.corkery@example.net",
"476","Dorcas Spencer","(841)363-5417","imosciski@example.net",
"477","Connor Steuber","01920154760","crona.maximus@example.net",
"478","Kevin Mraz","(566)460-8776","karine55@example.com",
"479","Dangelo Kub","+35(3)815325177","frankie.will@example.com",
"480","Kendra Jacobson DVM","1-747-642-5994","julian.mcglynn@example.net",
"481","Khalil Larkin","234-798-7565x47","mdickinson@example.com",
"482","Corene Bednar III","1-632-977-4789","lbergnaum@example.net",
"483","Prof. Lon Kovacek III","841.222.4427x06","schamberger.bradley@example.net",
"484","Dr. Lisandro Lueilwitz","(619)027-9157x9","jaquan64@example.com",
"485","Dr. Gudrun Swift IV","(080)633-4129","dixie.paucek@example.org",
"486","Ms. Nona Kozey MD","(313)214-7607","annie.runolfsdottir@example.net",
"487","Dr. Wilfred Hand","(745)735-3730","dmorissette@example.net",
"488","Willis Homenick","358-190-7282x54","schmidt.cheyanne@example.net",
"489","Kathryne Witting","285.541.8132x62","cristal.bechtelar@example.org",
"490","Hailey Lueilwitz","01716891941","queen.monahan@example.com",
"491","Kelly Kautzer","06426511375","ewald.heidenreich@example.com",
"492","Alex Lueilwitz","672.981.7294x87","brennon17@example.org",
"493","Jaqueline Schuppe","412.932.3974","csawayn@example.net",
"494","Moises Brown","01134049486","mann.dayne@example.net",
"495","Prof. Dion Bernier IV","05868905482","kjerde@example.com",
"496","Prof. Theodore Nikolaus IV","1-190-928-6689x","eudora43@example.com",
"497","Carlo Macejkovic","341-278-3348","minerva.ebert@example.net",
"498","Ward Auer","+83(9)934966217","lue.gottlieb@example.org",
"499","Horace Donnelly","1-026-369-5816x","serdman@example.org",
"500","Glennie Eichmann Sr.","584.465.5421x56","ro'connell@example.net",
"501","Dr. Dereck Becker","430-782-1244x29","ines.treutel@example.org",
"502","Dr. Teagan Lang Sr.","481.945.1636","daniel.chelsea@example.com",
"503","Bridget Bartell","459-803-1987","ilesch@example.net",
"504","Prof. Clyde Boyle IV","(578)934-4933x4","gabriella58@example.org",
"505","Mario Lind","615.852.8416x15","yraynor@example.org",
"506","Jerod Ebert I","09083586828","uriah76@example.org",
"507","Sonny Romaguera PhD","566.104.8092","peter08@example.org",
"508","Dr. Pietro Bartoletti V","(774)788-8575x1","darion89@example.net",
"509","Fanny Durgan","806-225-7903","dvon@example.com",
"510","Max Gorczany DVM","937.212.9342","gorczany.kirk@example.net",
"511","Lance Goyette","423.289.7794","veum.derek@example.org",
"512","Emiliano Ritchie","(952)544-3933","hilll.kasandra@example.org",
"513","Vena Senger","752-064-5600x94","jhoppe@example.com",
"514","Elwin Mante","1-321-520-5619","ssimonis@example.org",
"515","Sammie Feeney II","652.345.5230x27","amalia.wunsch@example.com",
"516","Janae Kozey Jr.","02303745644","king.kailey@example.net",
"517","Deanna Treutel","(766)154-2330x0","jamison68@example.net",
"518","Prof. Jerald Leuschke","+92(1)381730902","kyle07@example.net",
"519","Dr. Isaias Thiel","701-923-9584x55","yschoen@example.com",
"520","Mazie Conn","(778)303-9183x9","thalvorson@example.net",
"521","Karina Kris","(804)662-2262x6","qhayes@example.com",
"522","Jalon Schinner","544-623-6150x28","ondricka.ruthe@example.org",
"523","Mylene Roberts","402.926.6449x28","wintheiser.oma@example.org",
"524","Patsy Wuckert","(075)536-9764x0","shana80@example.com",
"525","Prof. Amos Blanda DVM","+81(0)954378254","pollich.velda@example.com",
"526","Gunnar Mante","154.428.8576x65","oshields@example.com",
"527","Ms. Ernestina Dooley Jr.","(308)543-5253","dameon78@example.org",
"528","Lula Nolan Jr.","(920)443-6970x6","thermiston@example.org",
"529","Henry Huels Jr.","(042)108-1393x5","purdy.russ@example.org",
"530","Lauryn Rau","08465294957","brett.quitzon@example.net",
"531","Miguel Krajcik","(564)476-6470x2","uheaney@example.org",
"532","Serenity Hickle","091.407.3185","josefa.homenick@example.com",
"533","Issac Considine","103.640.1716x96","raphael.kulas@example.net",
"534","Raymundo Littel","1-445-006-9669x","lreinger@example.org",
"535","Freeda Ankunding I","565-715-0550x79","goldner.forrest@example.com",
"536","Jaclyn Mohr","05025719833","wiza.paxton@example.net",
"537","Caterina Conn","1-237-366-6087","kschaden@example.net",
"538","Dr. Nikita Casper II","1-619-078-9983","kwiegand@example.com",
"539","Meta Murray","04998477768","pabbott@example.com",
"540","Mrs. Bert Gorczany II","(439)517-1210","dibbert.natalie@example.org",
"541","Holden Corkery","1-480-142-2048","veum.katrina@example.org",
"542","Mariah Marquardt DVM","117-110-2385","vernon.hyatt@example.com",
"543","Ardith Stoltenberg","(906)783-5009","hgraham@example.org",
"544","Jeromy Gorczany","925.795.8042x56","brempel@example.org",
"545","Dr. Asia Goldner MD","390-610-9267x93","ottilie.mraz@example.net",
"546","Mr. Christ Hettinger DVM","(451)442-2791","linwood.fahey@example.com",
"547","Mr. Luther Lockman","(149)561-0310x8","muller.eldred@example.org",
"548","Lorine Witting","+43(9)865993307","ohayes@example.org",
"549","Era Crist","099.831.5791","abbie88@example.com",
"550","Prof. Jordan Emmerich","(917)188-4950x6","reanna52@example.org",
"551","Akeem Wyman PhD","00375370786","mose.grady@example.net",
"552","Mrs. Cristal Cronin DDS","964-206-2412","estracke@example.org",
"553","Catalina Brekke IV","1-086-981-7671x","kerluke.amya@example.net",
"554","Tiffany Tillman","1-743-971-7973x","xbeatty@example.net",
"555","Mrs. Marjorie Luettgen","430.487.3762x44","bhermiston@example.net",
"556","Deborah Keebler","773.795.1825x36","becker.marjory@example.com",
"557","Marcelina Kovacek","678.574.6202x71","evalyn.leffler@example.org",
"558","Prof. Werner Leffler V","329-414-2385x89","ashton.mcdermott@example.net",
"559","Halie Considine","1-545-516-7577x","ali.kemmer@example.com",
"560","Prof. Hanna Monahan","1-057-960-0244","bella.schultz@example.com",
"561","Geovanni Boyer","1-856-727-3594x","christop.dach@example.org",
"562","Jerry Kassulke MD","625-994-2750","ephraim.vandervort@example.com",
"563","Annetta Fahey","1-889-010-4044","fadel.foster@example.net",
"564","Florine Homenick","625-689-7735","darian77@example.org",
"565","Nathan Herman","490-241-3486","rosanna.vandervort@example.net",
"566","Saige Howe","346-479-7788x03","fatima97@example.com",
"567","Emie Grant","(633)664-5207x9","vmante@example.net",
"568","Friedrich Jast","+88(5)121711250","champlin.laurence@example.net",
"569","Henderson Kub","(921)434-4701","lindgren.letha@example.com",
"570","Jennyfer Green I","02849514563","alvis91@example.net",
"571","Jeramy Treutel","(983)874-3799x1","domenick51@example.net",
"572","Miss Alysa Heidenreich DVM","+66(1)405312869","ostroman@example.com",
"573","Octavia Brown","06395823645","eichmann.royal@example.org",
"574","Eric Hauck","530.747.7001x58","o'kon.lonzo@example.com",
"575","Brionna White","+82(5)982680030","augusta97@example.net",
"576","Lura Brown I","337.055.2954x24","richard83@example.net",
"577","Giuseppe Turner","1-991-495-1960","njerde@example.net",
"578","Jo Kreiger I","(089)389-6404","odessa50@example.net",
"579","Rory Buckridge","1-999-706-1123","ycronin@example.org",
"580","Dr. Bonnie Bosco","600.653.2269","balistreri.lexi@example.net",
"581","Zack White","144.277.9852","hdach@example.org",
"582","Roel Spinka","1-708-210-9281x","farrell.pedro@example.org",
"583","Edwina McCullough","523-741-9562x07","dee.hills@example.net",
"584","Winona Fritsch","(534)508-9936x4","roberta69@example.com",
"585","Cloyd Willms","+39(8)575918596","johnson24@example.com",
"586","Josefa Schmitt","900.821.7597","america40@example.com",
"587","Mr. Gunner Ankunding MD","+59(9)355858767","adolph.luettgen@example.com",
"588","Dr. Ransom Weissnat Jr.","894-986-9672","wluettgen@example.com",
"589","Bertram Flatley","1-896-970-6619x","rbrekke@example.com",
"590","Lucienne Turner I","1-148-874-2427x","derek51@example.org",
"591","Dr. Celine West Sr.","04616359708","ibalistreri@example.com",
"592","Robbie Bergnaum","675-919-8579","leannon.nellie@example.net",
"593","Kaylah Hansen II","+33(4)856081121","yundt.karlie@example.net",
"594","Herminia Wyman Sr.","192.233.7266","larry.marquardt@example.com",
"595","Helen Brakus","754-033-9737x49","shaylee.wiegand@example.com",
"596","Flavie Breitenberg I","(250)282-4161x6","brooklyn78@example.net",
"597","Tressa Zboncak","(659)927-9359x5","ocartwright@example.net",
"598","Onie Walker","848-101-9876x21","floyd.beahan@example.org",
"599","Katarina Schoen","1-231-572-9981","zhickle@example.net",
"600","Dewayne Ritchie","(959)589-1054x5","bins.ned@example.org",
"601","Gerald Herzog","08719087964","tiara20@example.org",
"602","Miss Bailee D'Amore","(569)613-0680x0","eileen.jerde@example.org",
"603","Brown Larson","1-376-670-0808x","bruen.alyson@example.org",
"604","Isom Halvorson","02244235025","vrogahn@example.org",
"605","Mr. Emerald Kerluke Sr.","1-563-174-5519","cabernathy@example.org",
"606","Prof. Vinnie Schmidt Jr.","668.395.5161x03","yasmeen.ullrich@example.org",
"607","Jerrod Ondricka DVM","277.178.5509","zklocko@example.org",
"608","Celestino Bernhard","(956)299-0389","wiegand.maud@example.org",
"609","Ollie Fadel DDS","(772)988-8617x5","isabell.douglas@example.net",
"610","Noelia Blanda","689-486-9440x90","moses.morissette@example.com",
"611","Rosina Kulas","958-142-0506x77","uwindler@example.com",
"612","Alberta Bailey V","(459)767-2199x4","jakubowski.allison@example.net",
"613","Dr. Guillermo Schuster","+62(5)044063934","xhermann@example.net",
"614","Prof. Brooke Russel Jr.","534-142-0274x29","swift.nina@example.net",
"615","Prof. Darryl Vandervort","(716)843-7235x9","tamara43@example.com",
"616","Miss Sienna Schumm V","739-959-7512x51","shermiston@example.com",
"617","Ewald Blanda","1-377-613-6383x","kuhn.kaleigh@example.org",
"618","Duane Gleichner","152.731.4776","waylon06@example.net",
"619","Prof. Reggie Daniel","(825)676-1328x5","cgreenholt@example.org",
"620","Marvin Schumm","05687460610","klabadie@example.net",
"621","Crystal Strosin","09848596669","murray.mariam@example.com",
"622","Geovanny Braun","(147)301-2260x6","luciano82@example.com",
"623","Libbie Bechtelar Sr.","1-123-793-6856","ldouglas@example.com",
"624","Roxane King MD","(527)128-1166x6","garett24@example.net",
"625","Courtney Fisher","515.193.2806","bonita.baumbach@example.org",
"626","Nathanael Beer","154-218-7540","camden94@example.org",
"627","Destinee Kozey","133-839-0874x84","mlittel@example.com",
"628","Stephen Mann","307.329.4467x43","fabiola28@example.net",
"629","Nash Gerhold","(791)406-3143x8","lorenza.frami@example.net",
"630","Prof. Keon Kiehn","(163)203-8014","will.melody@example.com",
"631","Katrine Sawayn","271-676-9077x48","vnienow@example.com",
"632","Phyllis Walker","509.853.4048x85","moen.tyshawn@example.com",
"633","Viva Rau","(759)719-0624","lindgren.tobin@example.com",
"634","Toby Wyman","05004941521","aida.bahringer@example.com",
"635","Abigail Hoeger II","1-566-129-0404x","raoul33@example.org",
"636","June Kris","+88(7)976690044","neha.douglas@example.net",
"637","Mrs. Kailyn Von","+65(6)233483561","lurline.glover@example.net",
"638","Amely Kassulke","+09(4)947598975","ifarrell@example.org",
"639","Kadin Quigley","(491)219-3327","earnestine57@example.com",
"640","Dr. Lennie West","882-027-9948","jewel.durgan@example.com",
"641","Israel Wolff","209.094.5730x40","leda39@example.com",
"642","Mrs. Danika Schroeder","1-192-033-2551","anita.pagac@example.org",
"643","Moriah Koelpin","1-614-936-8419x","istroman@example.com",
"644","Miss Colleen Klocko MD","+18(4)720183471","elenor.wolf@example.net",
"645","Genesis Reinger","+72(9)616903857","hleannon@example.com",
"646","Oda Gulgowski","01784043235","dkertzmann@example.com",
"647","Mr. Regan Rippin","(206)924-4635x0","oferry@example.org",
"648","Jerrold Wisozk IV","006.767.7448x51","feest.loyce@example.net",
"649","Ima Gutmann","+53(5)218852028","dean26@example.org",
"650","Verda Vandervort","(715)595-7814","satterfield.sedrick@example.org",
"651","Troy Powlowski","(052)352-5252x7","qbayer@example.net",
"652","Mariane Shields","(011)445-9877x0","kiarra20@example.org",
"653","Ayana Kiehn","+77(5)986271751","dmueller@example.net",
"654","Veronica Gleason Jr.","968.881.3689","carlotta84@example.net",
"655","Leopoldo Pouros","266.425.0040","donnelly.amara@example.org",
"656","Dr. Alexandra Connelly Jr.","1-920-948-6279x","blaze91@example.com",
"657","Krystal Rogahn","+61(3)085800351","hkonopelski@example.com",
"658","Dr. Griffin Ziemann V","05165702799","lang.cale@example.com",
"659","Ms. Laisha Crona IV","042-957-2164x01","amaggio@example.com",
"660","Prof. Coleman Bauch Sr.","262.518.5965x45","estell.klein@example.net",
"661","Maria Schowalter","128.032.1133x39","dante76@example.org",
"662","Mohammed Jones","(335)825-2425x6","jaclyn.weber@example.net",
"663","Mrs. Ilene Metz DDS","(851)793-9334","terry.cristina@example.net",
"664","Hailie Olson","828-653-3252x56","asa82@example.net",
"665","Terrill Wiegand","483.985.4143x30","veda.hills@example.com",
"666","Haylee Kuhlman I","587.610.4047","tyrel.hills@example.com",
"667","Dr. Krystal Johnston DDS","1-222-060-9333x","gottlieb.merle@example.net",
"668","Samir Leffler DVM","+05(3)745175012","natalia02@example.org",
"669","Mr. Louvenia Franecki IV","091-042-4064x37","borer.hobart@example.net",
"670","Mrs. Isobel Ankunding I","1-484-676-5483x","alvis13@example.net",
"671","Quinton Walsh","+47(5)842242781","bria.toy@example.org",
"672","Lavon Beer","(932)458-9428","okassulke@example.net",
"673","Johnnie Crooks","(210)647-3421x1","strosin.tiffany@example.org",
"674","Mr. Macey Reilly DVM","1-134-950-4781","gislason.shad@example.net",
"675","Bruce Fadel","1-045-734-0284x","pratke@example.com",
"676","Mrs. Yvette Frami","(723)817-4499","nitzsche.theo@example.net",
"677","Brendan Frami PhD","(897)723-6958","cecile.zboncak@example.com",
"678","Mrs. Zella Kemmer","912-341-7061","wunsch.alfred@example.net",
"679","Ressie Kunde","981-160-5181","gavin.nader@example.com",
"680","Edgardo Bechtelar","(233)057-8023","ward.stone@example.net",
"681","Charlie Rolfson","318-117-4003x63","skylar93@example.com",
"682","Mr. Oran Lindgren","08029161010","mante.johnnie@example.net",
"683","Prof. Brown Runte","419.420.9398x94","oliver.gusikowski@example.com",
"684","Noemie Towne","01297810901","mcglynn.gladys@example.net",
"685","Miracle Auer","1-494-679-5107","sporer.jessica@example.org",
"686","Jerry Kiehn","03791415845","vjakubowski@example.org",
"687","Juwan Pfeffer","1-963-808-0093x","billy29@example.org",
"688","Alisa Beatty","(674)688-9619","berenice94@example.net",
"689","Trevor Schmidt","1-323-604-4145","kozey.garrick@example.org",
"690","Savanna Harris","1-872-400-9620x","weissnat.bradford@example.net",
"691","Harmon Grady","(757)505-6384x9","kmitchell@example.com",
"692","Dr. Lou Johnston","1-499-983-6944","ngulgowski@example.com",
"693","Mrs. Vilma Grady II","648.850.8663x59","estokes@example.com",
"694","Vernice Vandervort","677-031-3050","pedro.jerde@example.com",
"695","Dr. Gussie Hoppe V","998.655.5929x84","joe05@example.com",
"696","Abdul Bashirian","(274)990-3019x4","irma.windler@example.net",
"697","Annabel Beahan","(274)143-3611x4","buck.hahn@example.net",
"698","Freddy Ernser","(112)013-2293x2","piper57@example.net",
"699","Jarrett Russel","446.201.1783","schneider.abbie@example.com",
"700","Annabell Doyle I","(283)257-2858","jacinto.lockman@example.org",
"701","Mr. Darrick Pouros","004.821.8046","edgar42@example.net",
"702","Norris Brekke DVM","629-279-0919","kfisher@example.org",
"703","Howard Ferry IV","1-811-176-4643x","dahlia99@example.com",
"704","Anjali Feeney V","362-385-4062","carolina.trantow@example.net",
"705","Mr. Maverick Stoltenberg MD","09623921508","darron.pfeffer@example.org",
"706","Liana Von","1-781-082-8805","crist.jordan@example.org",
"707","Van Hermann","(293)067-7446","schaden.lilyan@example.net",
"708","Arielle Abernathy MD","+66(9)196316014","koepp.alfreda@example.org",
"709","Amy Erdman","1-478-122-6167x","xhamill@example.org",
"710","Jairo Hills","948.313.2919x47","twila.dietrich@example.org",
"711","Viva Brakus Jr.","004-467-1497","gibson.savannah@example.com",
"712","Cleta Price","469.975.9749","keebler.gage@example.com",
"713","Mario Hilll","045.641.6954x03","marquis.runolfsson@example.net",
"714","Dr. Hipolito Heaney PhD","1-866-563-6054","beer.doyle@example.net",
"715","Adan Marvin","914-304-0888","vcrona@example.net",
"716","Gonzalo Wiza","1-747-763-7029","breanna44@example.com",
"717","Mr. Myron Hessel","(194)642-2143x2","alysa.strosin@example.org",
"718","Marley Lebsack II","413-016-6442","hilpert.gladyce@example.net",
"719","Prof. Serenity Runte","(535)516-7035x1","grant.demetris@example.com",
"720","Karine Raynor","373-156-6361x19","stanley00@example.net",
"721","Prof. Mathew Hickle DDS","847.429.6131x40","noelia98@example.org",
"722","Paxton Stokes","700.679.2067","srohan@example.com",
"723","Melissa Ziemann","763-912-7728","litzy81@example.com",
"724","Beverly Leffler V","1-527-160-2631x","brown.concepcion@example.org",
"725","Beatrice Leuschke","892.977.2672","easton11@example.com",
"726","Yvonne Pagac","953.361.8753","satterfield.brook@example.com",
"727","Mrs. Sandra Monahan IV","778-625-1495","ftreutel@example.net",
"728","Vivien Botsford IV","845-171-1008","rstanton@example.com",
"729","Easton Fritsch","605.654.0124","felicita22@example.org",
"730","Dr. Kristoffer Mertz MD","(510)342-4395x0","hodkiewicz.jordyn@example.org",
"731","Rocio Bosco","957.853.8469x44","wharvey@example.com",
"732","Mr. Edmund O'Kon PhD","837.743.2260x42","mcclure.addison@example.com",
"733","Wilford Stehr","693-818-1944x17","eudora09@example.org",
"734","Mercedes Rice Sr.","387.597.0166","elmira71@example.com",
"735","Candido Roberts","(126)487-7186","nikko40@example.com",
"736","Torrance Keebler","(849)518-1604","qkoss@example.org",
"737","Alycia Keeling","1-082-137-4423x","pollich.hilton@example.com",
"738","Coty Rutherford","+84(9)936694260","javonte70@example.com",
"739","Maud Morar","1-857-578-3595x","romaguera.ellie@example.org",
"740","Jayme Stiedemann","993-784-5085x50","araceli95@example.net",
"741","Dina Schumm","418-157-9222","dgoodwin@example.net",
"742","Delphine Schaefer","1-647-877-1183x","erdman.caleb@example.com",
"743","Talon Mraz","(731)481-2584x3","jerde.clotilde@example.com",
"744","Charlotte Dickinson","(713)823-8825x4","myrtice.herzog@example.net",
"745","Sydnie Dibbert","1-770-590-0583x","hamill.estefania@example.net",
"746","Jacinthe Barton","774-392-4365x58","feest.corbin@example.com",
"747","Elta Olson Sr.","(705)184-1523x2","kpowlowski@example.com",
"748","Eudora Schiller","386.530.9120x60","hskiles@example.com",
"749","Sylvan Abernathy","173-768-7597x83","usimonis@example.org",
"750","Prof. Dave Wiza","474-284-6699x22","toy.rosenbaum@example.com",
"751","Mr. Josh Kozey","+97(1)752062207","williamson.buford@example.net",
"752","Ryan Herzog","758-761-9108x25","urunolfsdottir@example.net",
"753","Perry Gusikowski","319-385-5101x11","ywindler@example.org",
"754","Lonny Reichert PhD","492-816-8316","kariane.mertz@example.com",
"755","Aleen McGlynn","+76(8)099852559","cali.considine@example.net",
"756","Lenna Green MD","+25(9)677974866","green.ashley@example.org",
"757","Dr. Justice Stroman","344-774-9669","korbin.rau@example.net",
"758","Ettie Boyle","(630)211-9193x1","chyatt@example.org",
"759","Kenya Homenick PhD","910-334-7836x37","hirthe.sigurd@example.org",
"760","Chelsea Pouros IV","339-165-6513","ecorkery@example.org",
"761","Sophia Beatty","215-181-5852x80","rex76@example.com",
"762","Shayne Cronin","611-274-5215x49","merlin.boyer@example.net",
"763","Misty Cummerata DVM","1-720-771-5899x","igleason@example.net",
"764","Dr. Gennaro Vandervort","460.750.3832x17","misty.ryan@example.com",
"765","Maurine Denesik","1-767-836-4592","angelita.crooks@example.org",
"766","Stefanie Fay","1-023-027-0113","letitia.bauch@example.net",
"767","Dr. Clotilde Senger","+70(3)850390445","ratke.sean@example.org",
"768","Jerome Cormier","06045888364","elfrieda.marks@example.com",
"769","Garnet Glover","(576)765-8295x2","block.verlie@example.net",
"770","Romaine Hansen","(091)985-7244x6","emilio.murray@example.org",
"771","Mrs. Hillary Towne","(309)512-8802","kelsie42@example.com",
"772","Prof. Kaden Mills Sr.","344-314-3620","aniya.durgan@example.net",
"773","Laila Cruickshank","02402710549","rau.rozella@example.org",
"774","Ms. Rachael Nader IV","742.015.8585x23","kling.brigitte@example.org",
"775","Earnestine Altenwerth","1-149-972-0222x","hermiston.fabiola@example.org",
"776","Josh Littel","962.919.7552","elissa44@example.org",
"777","Twila Maggio","138.769.8417","peichmann@example.net",
"778","Elise Koss Jr.","(705)092-0634x8","jaquelin.rutherford@example.com",
"779","Dallas Runolfsdottir","641-457-4050x96","ike.romaguera@example.com",
"780","Madilyn Davis","1-314-705-0369x","muhammad.herzog@example.com",
"781","Dr. Zackary Willms I","(772)451-5837x1","yprice@example.net",
"782","Miss Shannon Cremin III","(843)640-2588x5","homenick.bernita@example.org",
"783","Jonas Bins","+07(6)077457136","schneider.ian@example.com",
"784","Garnett Cartwright","(669)149-7592x0","ebert.clair@example.net",
"785","Piper Keebler","366.020.8307x64","zreynolds@example.com",
"786","Jonatan Lemke","892.998.1813x20","wkulas@example.com",
"787","Miss Angelina Bartell II","419.005.1035x01","xwaelchi@example.org",
"788","Augusta Dooley","+38(9)934883479","cwiegand@example.com",
"789","Stella Ledner","828.067.4305x04","gillian.heller@example.org",
"790","Chaya Kulas IV","543-372-2155x03","armstrong.marques@example.net",
"791","Mrs. Audrey Hoeger Sr.","(140)749-7815x0","ardella.stiedemann@example.org",
"792","Demond Frami","1-406-128-1711","aschroeder@example.net",
"793","Prof. Glennie Jast I","412.150.2070x79","fernando35@example.org",
"794","Rosalyn Herman","791.474.1175","bwilderman@example.net",
"795","Noemy Schneider","502.014.0186x69","hegmann.stefanie@example.net",
"796","Prof. Tillman Rohan V","1-696-937-4627","alaina.ritchie@example.org",
"797","Vella Mueller I","982.630.7353","larue36@example.com",
"798","Blair Champlin IV","980.297.0384","cartwright.juliet@example.org",
"799","Ryley Jacobs","1-051-310-4055","schneider.braden@example.com",
"800","Davonte Breitenberg","170-430-6186","schroeder.javon@example.org",
"801","Helen Gislason PhD","+42(1)032502145","ova18@example.net",
"802","Kaitlyn Metz","664.785.3160","mae27@example.net",
"803","Kiarra Leuschke","1-664-120-0942x","jade96@example.net",
"804","Herman Green DDS","102-694-4845","akohler@example.net",
"805","Robb Zboncak","992-342-2592x05","chris11@example.net",
"806","Wilfrid McCullough II","1-179-713-0504x","hunter74@example.com",
"807","Vincenzo Fisher","08297953370","dickinson.isac@example.com",
"808","Shakira O'Connell","563.908.1071x53","patricia.aufderhar@example.com",
"809","Verner Russel","038.624.7501x48","josiane.hegmann@example.net",
"810","Cecile Dietrich","632.920.5769x61","stephen.parisian@example.com",
"811","Collin Thiel","1-972-144-8679x","kprosacco@example.org",
"812","Jeanie Bogisich","1-659-536-5699x","alfreda51@example.com",
"813","Oran Rath","(984)714-1385x0","koelpin.wilfredo@example.org",
"814","Jazmyne Nolan","290-631-1819x82","arthur.boyer@example.net",
"815","Macie Medhurst","419-477-3541","dmurphy@example.org",
"816","Prof. Jerrell O'Conner","1-349-474-4437x","uo'conner@example.net",
"817","Emerald Hackett","(128)263-5444x2","aniya.haag@example.org",
"818","Mrs. Trycia Bins","01488511377","carolyne.macejkovic@example.net",
"819","Ike Lynch","006.209.8362","norwood26@example.org",
"820","Willard Greenholt","959-007-0060x46","qkuphal@example.com",
"821","Osbaldo Lakin","+94(7)359825404","ulemke@example.net",
"822","Herta Dietrich","476.590.9110x28","anibal31@example.net",
"823","Garrick Schultz","544.894.0240x78","aniya98@example.org",
"824","Elise White","447-492-0845","kassulke.elnora@example.org",
"825","Hermina Hudson","1-596-417-6031","johns.harvey@example.org",
"826","Renee Heathcote","(245)756-6450x0","dschultz@example.org",
"827","Odell Mitchell","+24(1)414396572","zdeckow@example.org",
"828","Clarissa Davis","1-309-575-7279","marjolaine.stracke@example.com",
"829","Mac Cassin","145-327-4061x51","shaina.fritsch@example.net",
"830","Meggie Macejkovic","(337)232-5348x3","ernestina28@example.net",
"831","Mr. Alexandro Cummerata","477-498-6984","vicenta96@example.com",
"832","Kathryn Leuschke","829-676-5824","billie.emard@example.org",
"833","Isabell Boyle","1-662-316-4850x","lchristiansen@example.net",
"834","Destany Predovic","05038858136","acrooks@example.net",
"835","Carmella Kessler","(265)009-0538","imani71@example.org",
"836","Catalina Cremin","1-247-867-2657x","lottie96@example.com",
"837","Miss Madie Lemke II","280-004-1193x51","louvenia.stehr@example.net",
"838","Mrs. Nina Veum","007.563.7310","skyla49@example.org",
"839","Tommie Cole","(025)084-6496x8","adolfo.dietrich@example.org",
"840","Adella Feest Jr.","+77(0)925461570","wbechtelar@example.com",
"841","Aliza Cummerata","893-176-9523x65","lehner.tamia@example.com",
"842","Mrs. Taryn Grimes","(509)273-3925","ines.schoen@example.com",
"843","Dr. Darrion Waelchi","784-144-8166","xhackett@example.net",
"844","Elwin Goldner DVM","514-191-4452x59","devon.veum@example.org",
"845","Kayley Jacobi","043-314-6720","lyric88@example.com",
"846","Marguerite Hills","481.877.3508x91","xrippin@example.net",
"847","Hulda Fadel DVM","(577)821-7808","brielle86@example.net",
"848","Dr. Torrey Heaney III","738.921.1523","aracely.boehm@example.net",
"849","Prof. Rozella Jerde","1-702-802-1591","willard.skiles@example.org",
"850","Dr. Mozelle Heidenreich Jr.","951-063-5899","marisa26@example.net",
"851","Fabian Yundt IV","(186)826-8577","lockman.petra@example.org",
"852","Barry Koepp","930-869-5297","sunny.rosenbaum@example.org",
"853","Dr. Taylor Buckridge DVM","532.390.8061x94","stokes.carson@example.com",
"854","Adelbert Hessel","(343)192-1235x6","cmccullough@example.com",
"855","Brett Gerlach","(036)156-6381","chadrick.kihn@example.org",
"856","Yasmine Leuschke","398-394-9176","davis.karen@example.net",
"857","Brennan Steuber II","150-993-7255x20","serenity.hessel@example.com",
"858","Hanna Kohler","988-365-2960x87","samir.zemlak@example.org",
"859","Miss Margie Little III","314-101-5408","ymoen@example.com",
"860","Marlene Emmerich MD","1-524-125-9326x","marielle18@example.org",
"861","Wilhelmine Glover I","014-092-8258x45","kennedi.windler@example.com",
"862","Dr. Tatum Nader III","1-318-727-9270x","florian.dietrich@example.com",
"863","Leon Kovacek IV","+95(1)943619882","pfeffer.aaron@example.org",
"864","Leta O'Conner","916.785.3760x81","dusty.jacobi@example.net",
"865","Prof. Krystina Emmerich","963.957.1279x39","deron.erdman@example.net",
"866","Dr. Jeramie Conroy","(542)789-8565x9","rebeca72@example.org",
"867","Emilia Legros","(783)015-7143","oberbrunner.cayla@example.net",
"868","Prof. Jeffry Hilpert IV","584.415.1559x80","fortiz@example.net",
"869","Adolfo Jacobson","+95(7)311345919","hlueilwitz@example.org",
"870","Wiley Senger","683-403-4031","parisian.alec@example.net",
"871","Adrain Aufderhar","1-766-475-0014x","filomena96@example.net",
"872","May Keebler","961-997-3094x34","bmarquardt@example.net",
"873","Baylee Dibbert","(389)361-8064x9","jerel.ondricka@example.com",
"874","Roberto Senger","(722)286-9764","smitham.davonte@example.com",
"875","Samanta Upton","1-143-345-7723x","leonel.davis@example.net",
"876","Brice Beahan","1-230-910-9258","sipes.susan@example.org",
"877","Sammie Kulas","(318)973-4397","eklocko@example.org",
"878","Phoebe Stark","1-429-643-1736","maybell.kovacek@example.org",
"879","Granville Hoppe","719.471.0347","nwill@example.net",
"880","Ron Green","721.342.4669x24","graham.ardith@example.com",
"881","Mr. Ewald Kreiger III","566-338-5134x82","johan.ziemann@example.org",
"882","Brianne Feest","08284725187","catherine.veum@example.org",
"883","Columbus Wintheiser","(780)697-0625","lind.watson@example.com",
"884","Miss Sister O'Connell IV","595.382.0318","klein.callie@example.com",
"885","Napoleon Turner PhD","1-462-032-6216x","darby.kuphal@example.net",
"886","Bethany Reichel","517.490.1233x47","jeremie.konopelski@example.com",
"887","Lois Tromp","1-624-657-1981","yvonne69@example.org",
"888","Vincenza Hirthe Jr.","128.777.3013","huels.ruthie@example.net",
"889","Gay Murray","491-328-5219","maximillia.keeling@example.net",
"890","June Gerhold V","(222)709-0336","watson.mosciski@example.net",
"891","Kyleigh Fadel IV","422-265-5682","kohler.nyasia@example.org",
"892","Valerie Gutmann","098.728.9671x48","morar.linnea@example.net",
"893","Lucy Boyle","(529)815-0148x7","tess.blanda@example.org",
"894","Katarina Kulas","1-925-605-4442x","pacocha.molly@example.com",
"895","Mr. Ethel Carroll MD","1-551-263-3334","okuneva.loyal@example.com",
"896","Dr. Rudolph Mitchell","886-374-6577x99","jerde.percival@example.net",
"897","Gloria Kutch","081-639-1576","jaunita.hills@example.com",
"898","Santina Conroy","831.158.0020x36","myriam99@example.net",
"899","Abe Schuster DDS","+89(4)442335359","nleffler@example.net",
"900","Gaetano Paucek","121.176.3197","narmstrong@example.org",
"901","Wilhelmine Rolfson","878-642-1070x79","cboehm@example.org",
"902","Magnus Pfannerstill","269-128-1370","schneider.maida@example.com",
"903","Jaclyn Ankunding","00555566032","garfield40@example.net",
"904","Prof. Daryl Bode DVM","877.214.1535","lyla.raynor@example.com",
"905","Tevin Waters","(421)968-3412x0","pfeffer.karine@example.org",
"906","Miss Ardith Wyman PhD","449.991.2674","mauricio.botsford@example.org",
"907","Prof. Enid Friesen Sr.","163-902-8806","rosella97@example.net",
"908","Benton Nikolaus","(997)979-9842x0","carleton37@example.org",
"909","Mallie Ratke","04385197080","domenick90@example.com",
"910","Prof. Marlen McKenzie","1-399-120-0773","jesus.gibson@example.net",
"911","Mrs. Sheila Miller","(682)504-1412x1","mathilde69@example.org",
"912","Gay Gleason","1-564-327-9897","eturner@example.org",
"913","Laney Yundt IV","+82(5)715622238","clara82@example.org",
"914","Idell Thompson","+22(7)105648380","ida58@example.org",
"915","Osbaldo Bode","1-034-734-4035x","qbaumbach@example.com",
"916","Priscilla Collier","(704)565-8533x9","giovani.dibbert@example.net",
"917","Princess Kuhic","(191)452-2049x5","macy.kunze@example.net",
"918","Rhoda Marks","03951800141","ivory.mante@example.net",
"919","Catherine Runte","526-420-0071","mable.waelchi@example.net",
"920","Dr. Iliana Runolfsdottir","284.566.8175x31","nwilkinson@example.org",
"921","Tyra Dach","08672362193","thaddeus.haley@example.net",
"922","Ms. Mireya Haley","247-027-0308x16","becker.bennett@example.net",
"923","Greg Becker","851-169-8437","river27@example.net",
"924","Ferne Kessler","(521)340-8126","laurianne00@example.com",
"925","Monique Wolff","872.975.7237x01","huels.palma@example.org",
"926","Leon Nolan Jr.","978-508-9532x22","wpollich@example.org",
"927","Prof. Roxane Trantow PhD","504-399-2850x54","csenger@example.com",
"928","Miss Madonna Morar","587-575-9523x94","mozell.larkin@example.com",
"929","Raleigh Feeney","(644)303-6089x6","skyla11@example.net",
"930","Prof. Eleonore King MD","1-805-465-1204","lowe.brandyn@example.com",
"931","Mr. Alvah Collins Jr.","1-397-376-8664x","schultz.caleigh@example.net",
"932","Dr. Jaren O'Kon","310.842.7811","schuyler77@example.com",
"933","Krystina Crona","01739037845","clowe@example.net",
"934","Adell Morar","250.591.4501x32","polly27@example.org",
"935","Iva Windler","1-790-397-7048","gwendolyn23@example.net",
"936","Mrs. Lorine Borer I","(079)135-0626","zemlak.madilyn@example.org",
"937","Jaycee Konopelski MD","1-018-970-3467","kwitting@example.org",
"938","Zena Leannon","279-396-8462x02","graham.bonnie@example.com",
"939","Ryan Padberg","251.842.6794x77","bobbie.orn@example.org",
"940","Precious Witting Sr.","802.921.5164","maia.daniel@example.org",
"941","Kristofer Denesik","243-928-5594x74","sdeckow@example.net",
"942","Fatima Hammes","436-012-7595x64","amya46@example.net",
"943","Colt Stoltenberg","165-800-8533","zspinka@example.org",
"944","Alberta Frami","+92(5)981110908","schaden.yvette@example.net",
"945","Delia Mosciski DDS","1-870-036-3716x","frami.katharina@example.org",
"946","Ella Muller","787-602-4326","vbraun@example.com",
"947","Andres Beahan","+00(7)772642614","xcormier@example.com",
"948","Ahmed Boyer","323-188-8636","rodrick.feeney@example.com",
"949","Miss Nedra Dooley Jr.","(789)626-8229x6","konopelski.billie@example.org",
"950","Camden Ratke","101.149.1193","abner.heathcote@example.com",
"951","Prof. Shannon Zulauf II","260.433.4319x89","willow18@example.com",
"952","Kelley O'Connell","1-300-344-8260","roman78@example.org",
"953","Domenico Rice","(281)783-6322","torp.angeline@example.net",
"954","Dangelo Donnelly","994-109-6415","kirstin47@example.org",
"955","Prof. Briana Fadel","485.064.3077","zpouros@example.com",
"956","Lawrence Langosh","107.431.9881","ritchie.rhett@example.com",
"957","Lacey Labadie Sr.","009.927.9363","cbednar@example.org",
"958","Cordelia Ritchie","1-763-964-5329x","carrie60@example.com",
"959","Dr. Rigoberto Cormier II","(674)532-3229x4","magali.olson@example.net",
"960","Mr. Roscoe White","225-000-5594","favian.schoen@example.org",
"961","Jasmin Spinka","07916916463","ghansen@example.net",
"962","Theresia Jones","530-865-0093","eshanahan@example.net",
"963","Dr. Weldon Jones","(328)110-4618x8","katheryn.larkin@example.com",
"964","Alexandro Lehner","(246)583-7584x1","maeve.cremin@example.org",
"965","Dr. Dalton Wunsch","+79(2)301322218","laurianne.zemlak@example.net",
"966","Dr. Sanford Daniel","165-878-4735","morar.ella@example.net",
"967","Tobin Weissnat","(798)114-7013x2","brandi89@example.org",
"968","Isobel Champlin","1-314-413-8112x","angela48@example.com",
"969","Kayla Runolfsson","1-234-270-3719x","wehner.hope@example.net",
"970","Prof. Everette Gorczany","03963532117","rparisian@example.org",
"971","Mrs. Rose Rath Sr.","1-258-424-3161","liliana.johnson@example.org",
"972","Riley Lebsack MD","871.546.5742x66","reva.stiedemann@example.com",
"973","Dr. Ryan Leffler V","1-508-080-8833x","ignacio.ziemann@example.com",
"974","Alex Parker","1-797-028-1744x","mbuckridge@example.org",
"975","Dr. Liana Flatley DDS","1-906-858-4040","isabel.swift@example.net",
"976","Marty Greenholt","872.588.4445","qborer@example.net",
"977","Robert Reilly","900.832.8186x22","ihowell@example.net",
"978","Jermaine Douglas","888-073-3382x60","hermiston.fern@example.net",
"979","Maybell Turcotte Jr.","(604)155-0659x4","haag.reynold@example.com",
"980","Anjali Jaskolski","1-659-490-6211x","rmonahan@example.org",
"981","Dr. Jude Howell","1-978-240-2229x","haylee39@example.org",
"982","Dr. Buck Hansen II","(595)595-7036x8","estella.bechtelar@example.org",
"983","Bridgette Abshire","(335)636-2595","kub.ara@example.org",
"984","Prof. Abigale Muller","(334)039-0677x6","kub.polly@example.org",
"985","Ms. Rosemarie Hand","988.456.7794x49","anna.langworth@example.net",
"986","Dr. Christ Kuphal Sr.","05729839693","triston36@example.org",
"987","Micah Kessler","338.636.0351","dooley.modesto@example.org",
"988","Dr. Kennith Nader","(956)929-8000","zboncak.zora@example.com",
"989","Prof. Adriel Mitchell","434.408.6760x61","treutel.ruben@example.com",
"990","Eloy Block","128.139.6320x12","zulauf.jason@example.com",
"991","Bernice Schamberger","(200)684-4250","catherine.wilderman@example.net",
"992","Haylie Hagenes","671-697-3074x10","mueller.maude@example.org",
"993","Anna Mosciski MD","647-706-9442","qmcclure@example.com",
"994","Syble Schoen","1-276-779-8898","ismith@example.com",
"995","Dorothea Jones","(086)567-6404x9","jesse.roberts@example.net",
"996","Amos Volkman II","1-885-033-0982x","brown82@example.org",
"997","Alayna Simonis","553-199-9787x24","valentin.abbott@example.com",
"998","Eve Luettgen","602-708-5346x44","williamson.ariel@example.org",
"999","Delpha Heidenreich","934.257.8128x81","garrison.sipes@example.org",
"1000","Norwood Hartmann","1-878-169-8299x","qratke@example.org",
