"id","contact_info_id",
"249","1",
"358","2",
"1","3",
"160","4",
"18","5",
"234","6",
"96","7",
"93","8",
"274","9",
"488","10",
"342","11",
"427","12",
"460","13",
"10","14",
"268","15",
"73","16",
"102","17",
"111","18",
"115","19",
"136","20",
"499","21",
"392","22",
"118","23",
"335","24",
"389","25",
"215","26",
"473","27",
"366","28",
"331","29",
"148","30",
"318","31",
"91","32",
"61","33",
"142","34",
"253","35",
"221","36",
"385","37",
"302","38",
"350","39",
"208","40",
"224","41",
"316","42",
"498","43",
"43","44",
"452","45",
"269","46",
"435","47",
"173","48",
"55","49",
"139","50",
"154","51",
"425","52",
"51","53",
"54","54",
"230","55",
"369","56",
"337","57",
"241","58",
"472","59",
"254","60",
"16","61",
"15","62",
"94","63",
"192","64",
"67","65",
"411","66",
"280","67",
"24","68",
"323","69",
"284","70",
"291","71",
"276","72",
"405","73",
"59","74",
"278","75",
"344","76",
"441","77",
"252","78",
"315","79",
"113","80",
"491","81",
"239","82",
"409","83",
"227","84",
"195","85",
"81","86",
"205","87",
"322","88",
"349","89",
"217","90",
"487","91",
"203","92",
"179","93",
"165","94",
"242","95",
"370","96",
"333","97",
"90","98",
"56","99",
"324","100",
"416","101",
"295","102",
"490","103",
"119","104",
"48","105",
"13","106",
"382","107",
"210","108",
"495","109",
"151","110",
"387","111",
"184","112",
"340","113",
"451","114",
"476","115",
"33","116",
"194","117",
"459","118",
"3","119",
"77","120",
"313","121",
"196","122",
"373","123",
"251","124",
"407","125",
"433","126",
"359","127",
"255","128",
"454","129",
"272","130",
"462","131",
"437","132",
"193","133",
"124","134",
"347","135",
"157","136",
"418","137",
"82","138",
"471","139",
"353","140",
"38","141",
"492","142",
"219","143",
"376","144",
"213","145",
"19","146",
"448","147",
"309","148",
"297","149",
"395","150",
"243","151",
"72","152",
"103","153",
"117","154",
"198","155",
"172","156",
"365","157",
"270","158",
"457","159",
"430","160",
"256","161",
"400","162",
"87","163",
"167","164",
"259","165",
"277","166",
"88","167",
"271","168",
"305","169",
"63","170",
"27","171",
"29","172",
"163","173",
"22","174",
"414","175",
"449","176",
"190","177",
"351","178",
"311","179",
"285","180",
"31","181",
"446","182",
"131","183",
"106","184",
"211","185",
"189","186",
"159","187",
"58","188",
"481","189",
"463","190",
"494","191",
"368","192",
"186","193",
"469","194",
"439","195",
"168","196",
"176","197",
"185","198",
"267","199",
"11","200",
"380","201",
"152","202",
"378","203",
"362","204",
"379","205",
"45","206",
"450","207",
"348","208",
"156","209",
"98","210",
"17","211",
"188","212",
"214","213",
"120","214",
"474","215",
"384","216",
"424","217",
"401","218",
"260","219",
"21","220",
"170","221",
"232","222",
"147","223",
"398","224",
"432","225",
"419","226",
"229","227",
"84","228",
"394","229",
"431","230",
"375","231",
"307","232",
"114","233",
"126","234",
"289","235",
"177","236",
"178","237",
"4","238",
"266","239",
"40","240",
"169","241",
"71","242",
"346","243",
"175","244",
"35","245",
"65","246",
"100","247",
"420","248",
"453","249",
"312","250",
"222","251",
"191","252",
"238","253",
"107","254",
"443","255",
"92","256",
"146","257",
"303","258",
"374","259",
"220","260",
"299","261",
"53","262",
"130","263",
"70","264",
"455","265",
"381","266",
"245","267",
"442","268",
"141","269",
"155","270",
"237","271",
"164","272",
"30","273",
"338","274",
"261","275",
"204","276",
"41","277",
"79","278",
"339","279",
"226","280",
"66","281",
"101","282",
"240","283",
"465","284",
"207","285",
"341","286",
"428","287",
"231","288",
"125","289",
"444","290",
"263","291",
"393","292",
"286","293",
"325","294",
"248","295",
"235","296",
"74","297",
"244","298",
"391","299",
"399","300",
"128","301",
"109","302",
"310","303",
"153","304",
"144","305",
"161","306",
"62","307",
"363","308",
"413","309",
"480","310",
"300","311",
"6","312",
"388","313",
"257","314",
"485","315",
"332","316",
"478","317",
"23","318",
"279","319",
"200","320",
"354","321",
"475","322",
"110","323",
"445","324",
"500","325",
"105","326",
"49","327",
"329","328",
"294","329",
"334","330",
"150","331",
"28","332",
"434","333",
"25","334",
"129","335",
"258","336",
"458","337",
"417","338",
"202","339",
"108","340",
"464","341",
"174","342",
"367","343",
"182","344",
"50","345",
"89","346",
"372","347",
"403","348",
"288","349",
"371","350",
"85","351",
"415","352",
"199","353",
"12","354",
"484","355",
"57","356",
"298","357",
"355","358",
"99","359",
"317","360",
"287","361",
"145","362",
"68","363",
"319","364",
"483","365",
"46","366",
"361","367",
"162","368",
"180","369",
"402","370",
"171","371",
"132","372",
"360","373",
"228","374",
"356","375",
"9","376",
"410","377",
"64","378",
"32","379",
"343","380",
"326","381",
"345","382",
"181","383",
"265","384",
"426","385",
"304","386",
"250","387",
"34","388",
"496","389",
"282","390",
"456","391",
"20","392",
"436","393",
"137","394",
"47","395",
"37","396",
"321","397",
"5","398",
"236","399",
"218","400",
"308","401",
"97","402",
"262","403",
"301","404",
"320","405",
"264","406",
"461","407",
"197","408",
"143","409",
"290","410",
"2","411",
"383","412",
"95","413",
"116","414",
"497","415",
"406","416",
"292","417",
"330","418",
"216","419",
"470","420",
"78","421",
"60","422",
"386","423",
"246","424",
"69","425",
"104","426",
"135","427",
"225","428",
"206","429",
"493","430",
"122","431",
"273","432",
"429","433",
"158","434",
"86","435",
"489","436",
"482","437",
"121","438",
"7","439",
"166","440",
"314","441",
"293","442",
"209","443",
"187","444",
"404","445",
"75","446",
"76","447",
"26","448",
"296","449",
"408","450",
"275","451",
"479","452",
"438","453",
"83","454",
"201","455",
"39","456",
"466","457",
"336","458",
"328","459",
"306","460",
"397","461",
"247","462",
"212","463",
"447","464",
"422","465",
"223","466",
"486","467",
"183","468",
"468","469",
"233","470",
"112","471",
"14","472",
"283","473",
"36","474",
"134","475",
"357","476",
"140","477",
"127","478",
"133","479",
"149","480",
"423","481",
"467","482",
"412","483",
"52","484",
"8","485",
"440","486",
"396","487",
"390","488",
"123","489",
"42","490",
"44","491",
"377","492",
"281","493",
"80","494",
"421","495",
"327","496",
"138","497",
"364","498",
"477","499",
"352","500",
